CASENUM,PER_NO,MTM_CRSH
201310436895,1,19
201310436895,1,21
201310437002,1,13
201310437002,1,14
201310437447,1,0
201310437632,1,16
201310437798,1,3
201310437798,1,21
201310437814,1,0
201310437890,1,9
201310438262,1,2
201310438262,1,3
201310438513,1,1
201310438557,1,21
201310438980,1,6
201310439119,1,0
201310439194,1,0
201310439272,1,0
201310439600,1,0
201310439609,1,0
201310439616,1,2
201310439995,1,1
201310440064,1,0
201310440064,2,0
201310440064,3,0
201310440092,1,2
201310724454,1,0
201310725211,1,0
201310725266,1,0
201310725343,1,0
201310725400,1,7
201310725458,1,0
201310725493,1,0
201310725557,1,0
201310725702,1,1
201310725719,1,0
201310725876,1,2
201310725876,1,6
201310725899,1,2
201310725936,1,0
201310726070,1,6
201310726327,1,0
201310726422,1,0
201310726565,1,0
201310726565,2,0
201310726608,1,0
201310727003,1,2
201310727132,1,0
201310727501,1,0
201310727797,1,2
201310727797,1,3
201310727816,1,0
201310727987,1,0
201310728039,1,0
201310728132,1,1
201310728138,1,1
201310728213,1,1
201310728287,1,2
201310728662,1,2
201310728996,1,1
201310729028,1,0
201310729057,1,0
201310729108,1,1
201310729221,1,0
201310729509,1,0
201310729596,1,2
201310729617,1,0
201310729684,1,1
201310729684,1,3
201310729706,1,0
201310729754,1,0
201310729868,1,7
201310729895,1,0
201310730218,1,2
201310730286,1,1
201310730286,1,2
201310730297,1,0
201310730582,1,7
201310730606,1,1
201310730706,1,1
201310730727,1,1
201310730727,1,2
201310730811,1,1
201310731218,1,0
201310731219,1,1
201310731267,1,0
201310731414,1,0
201310731510,1,0
201310731673,1,0
201310731746,1,0
201310731790,1,0
201310731954,1,0
201310732003,1,2
201310732075,1,2
201310732223,1,0
201310732251,1,2
201310732251,1,3
201310732272,1,0
201310732342,1,0
201310732551,1,0
201310732616,1,21
201310732772,1,0
201310732781,1,0
201310732791,1,6
201310732952,1,21
201310733148,1,0
201310733181,1,0
201310733404,1,7
201310733515,1,0
201310733676,1,1
201310733974,1,1
201310734022,1,2
201310734022,1,3
201310734175,1,0
201310734294,1,1
201310734425,1,0
201310734426,1,0
201310734433,1,6
201310734532,1,2
201310734848,1,0
201310734855,1,0
201310734865,1,0
201310734973,1,0
201310734994,1,0
201310735026,1,0
201310735160,1,1
201310735298,1,1
201310735298,1,2
201310735335,1,2
201310735380,1,0
201310735692,1,0
201310735748,1,0
201310736069,1,0
201310736088,1,0
201310736122,1,2
201310736122,1,3
201310736315,1,0
201310736336,1,0
201310736373,1,0
201310736569,1,2
201310736569,1,3
201311101610,1,0
201311102401,1,0
201311102401,2,0
201311102714,1,2
201311102714,1,6
201311103157,1,0
201311103157,2,0
201311103401,1,0
201311103573,1,2
201311103573,1,12
201311104098,1,2
201311104126,1,1
201311104126,1,19
201311104384,1,2
201311104721,1,9
201311104754,1,0
201311104936,1,1
201311104936,1,3
201311104936,2,1
201311104936,2,3
201311104936,3,1
201311104936,3,3
201311105126,1,1
201311105167,1,9
201311105272,1,12
201311105309,1,1
201311105414,1,2
201311105414,1,9
201311105619,1,0
201311105688,1,9
201311105695,1,1
201311106004,1,0
201311106520,1,4
201311106763,1,2
201311106771,1,2
201311106833,1,0
201311106926,1,1
201311106926,1,2
201311106926,1,9
201311106926,1,12
201311107068,1,4
201311107202,1,1
201311107216,1,0
201311107242,1,0
201311107356,1,0
201311107472,1,1
201311107472,1,2
201311107472,1,12
201311107658,1,21
201311107672,1,2
201311107672,1,12
201311107672,1,19
201311107772,1,0
201311107988,1,1
201311107988,1,21
201311107990,1,2
201311107990,1,9
201311107990,1,16
201311108169,1,1
201311108284,1,4
201311108613,1,2
201311108613,1,3
201311108650,1,2
201311108736,1,0
201311108773,1,0
201311108773,2,0
201311108865,1,0
201311108935,1,0
201311109010,1,0
201311109027,1,2
201311109168,1,0
201311109178,1,2
201311109233,1,9
201311109297,1,9
201311109878,1,0
201311110085,1,1
201311110364,1,2
201311110646,1,0
201311110898,1,1
201311111035,1,1
201311111035,1,6
201311111035,1,19
201311111043,1,21
201311111249,1,12
201311111459,1,1
201311111697,1,0
201311111697,2,0
201311111829,1,1
201311111933,1,0
201311112271,1,1
201311112274,1,13
201311112274,1,19
201311112301,1,19
201311112527,1,1
201311112527,1,12
201311112527,1,19
201311112527,2,1
201311112527,2,12
201311112527,2,19
201311112754,1,1
201311112891,1,19
201311112939,1,1
201311112939,1,12
201311112939,1,19
201311113445,1,1
201311113445,1,2
201311113445,1,12
201311113445,1,19
201311113907,1,2
201311113907,1,19
201311113907,1,21
201311115515,1,0
201311526871,1,1
201311526871,1,19
201311528319,1,5
201311528330,1,3
201311528330,1,19
201311528484,1,0
201311528489,1,9
201311528568,1,19
201311528891,1,2
201311528891,1,19
201311528925,1,1
201311530039,1,12
201311530100,1,1
201311530100,1,19
201311530333,1,9
201311530484,1,17
201311530509,1,2
201311530512,1,0
201311530566,1,0
201311530680,1,12
201311530820,1,0
201311530948,1,12
201311531041,1,0
201311531055,1,17
201311531100,1,2
201311531410,1,0
201311531488,1,4
201311531580,1,2
201311531580,1,3
201311531625,1,1
201311531625,1,2
201311531716,1,0
201311531777,1,1
201311532461,1,1
201311533056,1,0
201312008827,1,1
201312420936,1,19
201312421009,1,19
201312421113,1,19
201312421259,1,1
201312421264,1,19
201312421365,1,0
201312421547,1,0
201312421697,1,2
201312421774,1,0
201312421907,1,0
201312421994,1,1
201312422049,1,17
201312422254,1,0
201312422290,1,19
201312422295,1,1
201312422477,1,1
201313064731,1,0
201313064971,1,0
201313065020,1,4
201313065021,1,2
201313065021,1,12
201313065485,1,12
201313065604,1,0
201313065622,1,6
201313066263,1,9
201313066263,1,19
201313066317,1,4
201313066544,1,12
201313066839,1,0
201313067635,1,0
201313067794,1,0
201313067847,1,2
201313067847,1,3
201313067847,1,4
201313068472,1,1
201313068472,1,6
201313069227,1,19
201313069708,1,1
201313069708,1,2
201313069717,1,2
201313069838,1,2
201313069863,1,0
201313070044,1,2
201313070044,1,19
201313070281,1,0
201313070293,1,0
201313070463,1,2
201313070668,1,2
201313070669,1,0
201313070671,1,0
201313070726,1,0
201313070728,1,2
201313070728,1,19
201313070838,1,0
201313071156,1,1
201313071156,1,2
201313071199,1,2
201313071353,1,2
201313071353,1,19
201313071699,1,14
201313071699,1,19
201313072136,1,0
201313072383,1,2
201313072569,1,2
201313072786,1,2
201313072786,1,19
201313072828,1,2
201313072919,1,0
201313073029,1,1
201313073029,1,19
201313073317,1,2
201313073317,1,19
201313073409,1,0
201313073511,1,2
201313073952,1,1
201313073952,1,2
201313074531,1,0
201313558683,1,0
201313558686,1,0
201313558983,1,0
201313559175,1,0
201313559206,1,0
201313559761,1,0
201313560036,1,0
201313560617,1,0
201313560686,1,19
201313560686,2,19
201313560813,1,0
201313560872,1,2
201313560876,1,0
201313561067,1,2
201313561138,1,12
201313561138,1,19
201313561151,1,1
201313561151,1,12
201313561288,1,0
201313561425,1,2
201313561437,1,0
201313561818,1,21
201313562213,1,0
201313562298,1,0
201313562436,1,0
201313562460,1,0
201313562613,1,0
201313562676,1,0
201313562814,1,0
201313563030,1,0
201313563235,1,18
201313563259,1,2
201313563259,1,12
201313563273,1,9
201313563274,1,21
201313563597,1,0
201313563716,1,21
201313563727,1,0
201313563870,1,0
201313563988,1,0
201313564061,1,8
201313564099,1,0
201313564148,1,0
201313564253,1,4
201313564255,1,2
201313564305,1,0
201313564321,1,0
201313564398,1,0
201313564409,1,1
201313564733,1,0
201313564963,1,0
201313565171,1,0
201313565273,1,0
201313565290,1,1
201313565290,1,14
201313565301,1,0
201313565370,1,0
201313565394,1,0
201313565525,1,0
201313565547,1,0
201313565580,1,10
201313565590,1,0
201313565786,1,0
201313565788,1,1
201313565881,1,13
201313565883,1,0
201313565943,1,1
201313565991,1,21
201313566100,1,1
201313566354,1,0
201313566457,1,0
201313566743,1,0
201313566798,1,19
201313566879,1,0
201313567592,1,1
201314089467,1,0
201314090592,1,1
201314090653,1,0
201314100335,1,0
201314100335,2,0
201314100351,1,2
201314100370,1,0
201314100389,1,7
201314100408,1,19
201314792310,1,0
201314792310,2,0
201314792462,1,0
201314792826,1,0
201314793063,1,1
201314793854,1,2
201314793854,1,3
201314793874,1,0
201314794049,1,0
201314794052,1,0
201314794100,1,7
201314794202,1,2
201314794325,1,0
201314794349,1,0
201314794512,1,2
201314794546,1,0
201314794714,1,0
201314794726,1,0
201314794761,1,0
201314794924,1,0
201314795068,1,2
201314795154,1,3
201314795381,1,4
201314795426,1,2
201314795426,1,6
201314796295,1,0
201315465791,1,21
201315465801,1,0
201315465946,1,19
201315465980,1,1
201315466009,1,0
201315466009,2,0
201315466033,1,0
201315466121,1,0
201315466208,1,2
201315466228,1,0
201315466336,1,2
201315466336,1,3
201315466352,1,0
201315466352,2,0
201315466405,1,0
201315466459,1,6
201315466667,1,2
201315466701,1,1
201315466701,1,2
201315466749,1,0
201315466768,1,3
201315466768,2,3
201315466808,1,12
201315466953,1,2
201315466953,1,3
201315466988,1,0
201315467113,1,0
201315467150,1,0
201315467172,1,1
201315467186,1,0
201315467246,1,0
201315467252,1,1
201315467302,1,0
201315467315,1,2
201315467414,1,15
201315467414,1,18
201315467457,1,1
201315467457,1,2
201315467631,1,0
201315467634,1,0
201315467734,1,0
201315467758,1,2
201315467765,1,3
201315467765,2,3
201315467795,1,1
201315467819,1,1
201315467819,1,5
201315467833,1,0
201315467874,1,0
201315468118,1,2
201315468148,1,0
201315468309,1,0
201315468348,1,0
201315468366,1,9
201315468393,1,0
201315468446,1,1
201315468446,1,2
201315468446,1,12
201315468483,1,2
201315468507,1,1
201315468574,1,0
201315468588,1,0
201315468760,1,1
201315468772,1,2
201315469001,1,1
201315469074,1,2
201315469097,1,1
201315469097,1,2
201315469097,2,1
201315469097,2,2
201315469140,1,2
201315469205,1,2
201315469229,1,0
201315469491,1,1
201315469537,1,0
201315469595,1,9
201315469598,1,0
201315469598,2,0
201315469598,3,0
201315469598,4,0
201315469725,1,1
201315469793,1,21
201315469994,1,0
201315470015,1,0
201315470080,1,0
201315470134,1,2
201315470134,1,12
201315470295,1,0
201315470434,1,0
201315470511,1,1
201315470570,1,2
201315470648,1,2
201315470648,1,9
201315470648,1,12
201315470713,1,0
201315470867,1,0
201315470883,1,0
201315470936,1,12
201315471035,1,0
201315471197,1,0
201315471243,1,4
201315471292,1,2
201315471318,1,1
201315471318,2,1
201315471338,1,9
201315471432,1,2
201315471512,1,2
201315471512,1,7
201315471568,1,12
201315471594,1,0
201315471649,1,1
201315471894,1,2
201315472004,1,9
201315472004,1,19
201315472161,1,0
201315472277,1,19
201315472429,1,2
201315472462,1,2
201315472462,1,19
201315472496,1,0
201315472644,1,3
201315472727,1,1
201315472808,1,0
201315472822,1,2
201315472822,1,19
201315472829,1,2
201315472979,1,0
201315472979,2,0
201315473035,1,0
201315473194,1,1
201315473233,1,2
201315473279,1,4
201315473330,1,0
201315473356,1,0
201315473553,1,2
201315473591,1,0
201315473640,1,1
201315473640,1,2
201315473640,1,3
201315473753,1,2
201315473844,1,13
201315473844,1,19
201315473977,1,0
201315474039,1,0
201315474070,1,3
201315474109,1,2
201315474157,1,0
201315474177,1,0
201315474220,1,3
201315474234,1,0
201315474313,1,8
201315474448,1,2
201316100084,1,0
201316100317,1,12
201316100455,1,0
201316100599,1,0
201316100801,1,2
201316101285,1,0
201316102074,1,1
201316102713,1,2
201316102713,2,2
201316102964,1,4
201316102964,1,19
201316103513,1,2
201316103513,1,3
201316103934,1,0
201316103998,1,3
201316105458,1,0
201316106285,1,0
201316106285,2,0
201316106932,1,0
201316108060,1,19
201316108224,1,0
201316108423,1,0
201316108682,1,9
201316108682,1,19
201316191178,1,0
201316191327,1,0
201316191503,1,0
201316192316,1,3
201316192753,1,1
201316193511,1,0
201316193511,2,0
201316194188,1,0
201316194209,1,0
201316194270,1,0
201316194476,1,0
201316195890,1,2
201316195930,1,21
201316196506,1,3
201316196715,1,2
201316197236,1,7
201316197358,1,2
201316197529,1,0
201316197633,1,0
201316198180,1,0
201316198901,1,0
201316199852,1,0
201316500341,1,0
201316500576,1,0
201316500719,1,7
201316501429,1,4
201316502016,1,1
201316502341,1,1
201316502783,1,2
201316502783,1,3
201316503130,1,21
201316503130,2,21
201316503288,1,2
201316503385,1,2
201316503385,1,12
201316503385,2,2
201316503385,2,12
201316503753,1,9
201316503859,1,2
201316503974,1,2
201316503974,1,3
201316504031,1,19
201316504508,1,0
201316504894,1,0
201316504921,1,9
201316505058,1,1
201316505292,1,1
201316505601,1,0
201316505906,1,19
201316507053,1,0
201316507238,1,0
201316507295,1,0
201316507826,1,0
201316508119,1,12
201316508279,1,4
201316595688,1,2
201316596368,1,0
201316596943,1,6
201316597352,1,4
201316598068,1,3
201316598265,1,0
201316599222,1,1
201316599338,1,0
201316599507,1,1
201316599813,1,2
201317281761,1,2
201317281761,2,2
201317282019,1,1
201317282019,1,2
201317282036,1,0
201317282338,1,2
201317282338,1,9
201317282973,1,0
201317283323,1,12
201317283920,1,0
201317284465,1,0
201317285004,1,2
201317285004,1,3
201317285282,1,2
201317285282,1,3
201317285373,1,8
201317285526,1,7
201317285526,1,19
201317285600,1,4
201317285642,1,2
201317285642,1,3
201317285803,1,7
201317285812,1,0
201317286165,1,7
201317286299,1,2
201317286299,1,4
201317286409,1,2
201317286915,1,0
201317287153,1,2
201317287153,1,12
201317287352,1,1
201317287352,1,2
201317287352,1,19
201317287645,1,2
201317287645,1,3
201317287645,1,19
201317287649,1,0
201317682566,1,2
201317682861,1,0
201317682861,2,0
201317683226,1,0
201317683321,1,0
201317683713,1,1
201317683713,1,2
201317684956,1,1
201317684956,1,2
201317685029,1,0
201317685115,1,2
201317685900,1,2
201317686260,1,2
201317686862,1,21
201317687483,1,0
201317687720,1,0
201317688086,1,10
201317688530,1,0
201317688530,2,0
201317688618,1,1
201317688618,1,2
201317688817,1,1
201317689054,1,1
201317689054,1,2
201317689120,1,2
201317689195,1,0
201317689651,1,0
201317689859,1,0
201317690214,1,2
201317690250,1,2
201317690559,1,0
201317691369,1,2
201317692344,1,3
201317692393,1,0
201317693042,1,4
201317693659,1,0
201317693774,1,2
201317693894,1,2
201317693971,1,2
201317694282,1,2
201317694340,1,0
201317694658,1,2
201317695186,1,0
201317695218,1,2
201317695859,1,1
201317695994,1,0
201317696481,1,0
201317697306,1,1
201317697306,1,2
201317697936,1,0
201318443962,1,0
201318444442,1,0
201318444683,1,0
201318445213,1,0
201318445213,2,0
201318445213,3,0
201318445686,1,0
201318446295,1,0
201318446854,1,0
201318447262,1,0
201318447398,1,0
201318447463,1,0
201318447750,1,0
201318447766,1,0
201318447785,1,4
201318447835,1,0
201318447849,1,0
201318447860,1,0
201318447908,1,4
201318447988,1,0
201318448049,1,12
201318448077,1,0
201318448094,1,12
201318448104,1,1
201318448160,1,2
201318448182,1,0
201318448202,1,1
201318448252,1,0
201318448460,1,0
201318448527,1,0
201318448573,1,1
201318448594,1,0
201318448667,1,1
201318448667,1,2
201318448667,2,1
201318448667,2,2
201318448790,1,0
201318448825,1,0
201318449300,1,21
201318449324,1,0
201318449373,1,4
201318449571,1,0
201318449689,1,2
201318449689,1,3
201318450076,1,0
201318450426,1,0
201318450783,1,7
201318451029,1,0
201318451373,1,0
201318451660,1,0
201318451723,1,0
201318451911,1,0
201318452076,1,2
201318452076,1,3
201318452076,1,6
201318452201,1,0
201318453133,1,0
201318453431,1,8
201318453681,1,0
201318454017,1,1
201318454267,1,2
201318454591,1,0
201318910718,1,0
201318910718,2,0
201318910777,1,2
201318912442,1,9
201318913292,1,12
201318913498,1,6
201318913539,1,1
201318913539,1,2
201318913631,1,0
201318913732,1,2
201318913732,1,6
201318914134,1,0
201318914583,1,1
201318915633,1,0
201318915684,1,9
201318915981,1,0
201318916259,1,0
201318916650,1,0
201318916778,1,0
201318916795,1,2
201318917009,1,2
201318917057,1,0
201318917075,1,0
201318917182,1,1
201318917182,1,2
201318917254,1,0
201318917279,1,9
201318917637,1,1
201318917742,1,1
201318917904,1,21
201318917906,1,9
201318918178,1,1
201318918504,1,2
201318918504,1,12
201318918504,1,19
201318918845,1,0
201318919038,1,1
201318919038,1,2
201318919269,1,2
201318919269,1,12
201318919309,1,1
201318919854,1,0
201318919920,1,0
201319300310,1,2
201319300310,1,3
201319300996,1,1
201319300996,1,2
201319301370,1,1
201319301438,1,1
201319301438,1,2
201319301559,1,1
201319301779,1,12
201319301779,1,19
201319301920,1,1
201319302424,1,0
201319302482,1,2
201319302482,1,3
201319302646,1,19
201319302646,2,19
201319303292,1,2
201319303292,1,3
201319303292,1,12
201320102838,1,1
201320102838,1,2
201320102975,1,4
201320103418,1,1
201320103418,1,2
201320103596,1,2
201320103596,1,10
201320103596,1,16
201320103688,1,10
201320103723,1,2
201320103900,1,0
201320104424,1,1
201320104475,1,0
201320104484,1,1
201320104548,1,12
201320104630,1,1
201320104630,1,2
201320104658,1,21
201320104713,1,0
201320104790,1,0
201320104851,1,3
201320104862,1,1
201320104862,1,2
201320105108,1,1
201320105177,1,0
201320105178,1,0
201320105263,1,1
201320105263,1,2
201320519777,1,2
201320519778,1,0
201320519837,1,0
201320520092,1,6
201320520862,1,0
201320520863,1,21
201320521027,1,1
201320521027,1,2
201320521027,1,6
201320521078,1,0
201320931313,1,0
201320931386,1,0
201320931387,1,0
201320931564,1,6
201320931564,1,19
201320931586,1,0
201320931590,1,2
201320931609,1,10
201320931704,1,7
201320931946,1,0
201320931946,2,0
201320932027,1,10
201320932078,1,0
201320932104,1,0
201320932176,1,0
201320932345,1,1
201320932345,1,2
201320932482,1,0
201320932516,1,1
201320932516,1,3
201320932587,1,2
201320932691,1,1
201320932691,1,2
201320932692,1,1
201320932789,1,2
201320932793,1,2
201320932887,1,2
201320932887,1,14
201320932887,1,21
201320932946,1,2
201320932946,1,3
201320933035,1,2
201320933035,1,3
201320933047,1,0
201320933063,1,0
201320933063,2,0
201320933137,1,0
201320933240,1,2
201320933240,1,10
201320933247,1,1
201320933349,1,0
201320933405,1,1
201320933425,1,0
201320933599,1,0
201320933704,1,0
201320933750,1,2
201320933750,1,12
201320933757,1,10
201320933801,1,21
201320933923,1,2
201320933923,1,12
201320933959,1,0
201320933993,1,1
201320933999,1,0
201320934000,1,1
201320934148,1,0
201320934180,1,0
201320934202,1,12
201320934202,2,0
201320934221,1,4
201320934406,1,4
201320934406,1,19
201320934593,1,2
201321318245,1,2
201321318245,1,3
201321318263,1,4
201321318267,1,12
201321318278,1,0
201321318278,2,0
201321318295,1,2
201321318295,1,12
201322024817,1,0
201322026093,1,0
201322026213,1,0
201322026264,1,0
201322026454,1,19
201322026509,1,0
201322026553,1,0
201322027090,1,2
201322027090,1,12
201322027571,1,6
201322027731,1,0
201322027984,1,0
201322028058,1,0
201322028609,1,21
201322028967,1,2
201322028967,1,3
201322028996,1,0
201322029025,1,21
201322029438,1,0
201322029906,1,0
201322030630,1,9
201322030822,1,2
201322030822,1,3
201322031149,1,0
201322031629,1,0
201322032491,1,2
201322032942,1,2
201322032942,1,6
201322033043,1,2
201322033043,1,3
201322033043,1,9
201322033043,1,21
201322033161,1,1
201322033388,1,0
201322033687,1,0
201322034139,1,2
201322034647,1,1
201322035103,1,2
201322035686,1,0
201322036266,1,0
201322036977,1,1
201322036977,1,2
201322037054,1,19
201322037433,1,1
201322037592,1,0
201322353104,1,0
201322353118,1,0
201322353130,1,1
201322353335,1,2
201322353335,1,3
201322353763,1,2
201322353793,1,0
201322353961,1,0
201322354001,1,0
201322354029,1,0
201322354296,1,0
201322354490,1,0
201322354510,1,21
201322354526,1,0
201322354758,1,0
201322354783,1,0
201322354783,2,0
201322355317,1,0
201322355438,1,4
201322355467,1,0
201322355492,1,8
201322355863,1,0
201322356024,1,0
201322356149,1,0
201322356296,1,0
201322356332,1,1
201322356332,1,2
201322356332,1,12
201322356674,1,0
201322356811,1,0
201322356836,1,0
201322357333,1,9
201322357463,1,0
201322357632,1,2
201322357632,1,3
201322357954,1,1
201322357954,1,6
201322357954,1,12
201322357965,1,0
201322357978,1,0
201322358076,1,0
201322358164,1,0
201322358490,1,0
201322358521,1,0
201322358627,1,0
201322358808,1,0
201322358831,1,0
201322358945,1,0
201322359064,1,0
201322359318,1,21
201322359330,1,0
201322359336,1,0
201322359372,1,0
201322359389,1,6
201322359389,1,8
201322359389,1,21
201322359738,1,0
201322359756,1,0
201322359909,1,1
201322359909,1,2
201322359909,1,19
201322359929,1,9
201322360035,1,2
201322360200,1,2
201322360217,1,0
201322360309,1,0
201322360671,1,0
201322360683,1,2
201322360683,1,3
201322360878,1,1
201322360878,1,2
201322361221,1,0
201322361231,1,16
201322361240,1,1
201322361257,1,0
201322361570,1,1
201322361602,1,0
201322361613,1,0
201322361807,1,0
201322361819,1,0
201322362135,1,2
201322362135,1,3
201322362135,1,10
201322362323,1,0
201322362554,1,0
201322362963,1,6
201322362996,1,0
201322363187,1,1
201322363511,1,0
201322363533,1,1
201322363562,1,0
201322363767,1,0
201322363767,2,0
201322363784,1,0
201322364015,1,0
201322364027,1,0
201322364052,1,0
201322364098,1,0
201322364111,1,0
201322364278,1,0
201322364791,1,1
201322364791,1,2
201322364808,1,0
201322364818,1,0
201322364836,1,0
201322365184,1,0
201322365217,1,1
201322365217,1,12
201322365411,1,1
201322365446,1,0
201322365461,1,0
201322365474,1,2
201322365474,1,3
201322365474,1,12
201322365674,1,0
201322365697,1,0
201322365721,1,0
201322366024,1,0
201322366488,1,0
201322366532,1,0
201322366755,1,0
201322366804,1,0
201322366809,1,21
201322366980,1,0
201322367439,1,0
201322367458,1,1
201322367560,1,0
201322367704,1,0
201322367722,1,0
201322367741,1,3
201326634240,1,0
201326634842,1,0
201326635735,1,4
201326636253,1,0
201326636706,1,12
201326637037,1,0
201326637065,1,7
201326637380,1,17
201326637383,1,1
201326637449,1,0
201326637630,1,0
201326637743,1,2
201326637743,1,3
201326638300,1,0
201326639021,1,0
201326640191,1,0
201327222869,1,0
201327222928,1,0
201327222933,1,0
201327223102,1,21
201327223244,1,0
201327223335,1,0
201327223473,1,0
201327223487,1,21
201327223605,1,0
201327223630,1,0
201327223668,1,0
201327223837,1,0
201327223844,1,0
201327223879,1,19
201327224013,1,0
201327224224,1,0
201327224266,1,1
201327224394,1,21
201327224456,1,0
201327224457,1,0
201327224606,1,2
201327224669,1,0
201327224730,1,0
201327225023,1,0
201327225026,1,0
201327225073,1,2
201327225507,1,0
201327225560,1,1
201327225606,1,0
201327225623,1,8
201327225647,1,0
201327225706,1,2
201327225715,1,21
201327225734,1,0
201327225819,1,0
201327225840,1,0
201327225978,1,2
201327226020,1,0
201327226116,1,21
201327226228,1,0
201327226311,1,0
201327226352,1,5
201327226383,1,0
201327226494,1,0
201327226694,1,1
201327226868,1,0
201327226932,1,21
201327226934,1,0
201327226934,2,0
201327227017,1,7
201327227069,1,2
201327227081,1,0
201327227182,1,7
201327227191,1,21
201327227236,1,0
201327227336,1,1
201327227427,1,2
201327227427,1,3
201327227445,1,1
201327227479,1,1
201327227479,2,1
201327227479,3,1
201327227518,1,3
201327227774,1,0
201327227800,1,2
201327227820,1,0
201327227885,1,1
201327227977,1,1
201327228144,1,1
201327228144,1,2
201327228192,1,1
201327228192,1,21
201327228257,1,0
201327228475,1,0
201327228501,1,0
201327228570,1,0
201327228594,1,0
201327228604,1,0
201327228666,1,21
201327228714,1,0
201327228714,2,0
201327228754,1,0
201327228754,2,0
201327228899,1,0
201327228919,1,0
201327228921,1,1
201327228961,1,0
201327228964,1,0
201327229004,1,0
201327229041,1,0
201327229088,1,0
201327229172,1,0
201327229175,1,0
201327229205,1,3
201327229238,1,0
201327229248,1,0
201327229401,1,0
201327229536,1,0
201327229663,1,0
201327229716,1,0
201327229749,1,0
201327229763,1,0
201327229889,1,2
201327229889,1,3
201327229955,1,2
201327230025,1,2
201327230025,1,3
201327230025,1,21
201327230508,1,0
201327230511,1,0
201328002965,1,0
201328003192,1,1
201328003192,1,2
201328003445,1,1
201328003726,1,19
201328110460,1,0
201328111251,1,0
201328111257,1,0
201328111259,1,0
201328111547,1,12
201328111547,1,21
201328111654,1,2
201328111893,1,0
201328111893,2,0
201328111948,1,2
201328111948,1,3
201328111993,1,0
201328111993,2,0
201328112024,1,16
201328112051,1,1
201328112179,1,0
201328112496,1,1
201328112496,1,3
201328112496,1,12
201328112588,1,12
201328112735,1,0
201328112854,1,2
201328112854,1,3
201328234798,1,1
201328234798,1,2
201328235121,1,0
201328235244,1,0
201328235269,1,0
201328235647,1,1
201328235647,1,2
201328235744,1,0
201328236174,1,1
201328237328,1,4
201328237366,1,10
201328237493,1,0
201328237543,1,0
201328237669,1,0
201328237963,1,4
201328238543,1,0
201328238632,1,1
201328238632,1,2
201328238849,1,0
201328239118,1,2
201328239118,1,3
201328239164,1,7
201328239206,1,0
201328239450,1,2
201328239450,1,3
201328239739,1,0
201328239748,1,0
201328239852,1,0
201328240212,1,0
201328240237,1,1
201328240505,1,7
201328240752,1,0
201328240886,1,0
201328241028,1,1
201328241350,1,1
201328241350,1,2
201328241353,1,1
201328241628,1,1
201328241906,1,2
201328242036,1,0
201328242538,1,2
201328242538,1,6
201328242538,2,2
201328242538,2,6
201328242937,1,4
201328242957,1,0
201328243278,1,21
201328243550,1,0
201328243568,1,0
201328244066,1,2
201328244066,1,3
201328244356,1,0
201328312924,1,2
201328312982,1,0
201328313113,1,0
201328313339,1,0
201328313663,1,0
201328313730,1,2
201328313730,1,19
201328314141,1,0
201328314308,1,2
201328314368,1,1
201328314368,1,2
201328314385,1,2
201328314462,1,1
201328314462,1,2
201328314483,1,2
201328314628,1,1
201328314628,1,2
201328314679,1,0
201328314816,1,0
201328315137,1,2
201328315137,1,12
201328315137,1,19
201328315696,1,1
201328315696,1,2
201328315945,1,1
201328315945,1,2
201328315955,1,1
201328315955,1,2
201328316010,1,1
201328316010,1,2
201328316543,1,2
201328316598,1,0
201328316634,1,2
201328424582,1,1
201328424582,1,3
201328424607,1,2
201328424607,1,3
201328425465,1,2
201328425493,1,0
201328425889,1,2
201328425889,1,3
201328426096,1,2
201328426355,1,19
201328426442,1,1
201328426442,1,2
201328426579,1,2
201328426730,1,2
201328426730,1,19
201328426763,1,0
201328427146,1,0
201328427198,1,0
201328427576,1,1
201328427650,1,2
201328427650,1,13
201328427650,1,14
201328427650,1,19
201328427668,1,9
201328427704,1,2
201328427704,1,12
201328427787,1,2
201328427787,1,3
201328427837,1,0
201328427878,1,1
201328428284,1,9
201328532966,1,1
201328533174,1,4
201328533174,2,4
201328533289,1,0
201328533326,1,2
201328533326,1,12
201328533580,1,0
201328533939,1,1
201328533939,1,2
201328533989,1,0
201328534170,1,0
201328534275,1,13
201328534275,1,15
201328534288,1,2
201328534288,1,12
201328534645,1,0
201328535010,1,1
201328535507,1,0
201328535606,1,0
201328535606,2,0
201328535606,3,0
201328535606,4,0
201328535773,1,1
201328536688,1,0
201328537354,1,2
201328537493,1,2
201328537755,1,0
201328537773,1,0
201328537997,1,1
201328538224,1,0
201328539216,1,0
201328539394,1,0
201328539394,2,0
201328539664,1,1
201328539939,1,1
201328539945,1,0
201328540620,1,13
201328540620,1,14
201328540620,1,19
201328541022,1,0
201328541061,1,0
201328541255,1,0
201328541616,1,0
201328542020,1,1
201328542020,1,2
201328542117,1,0
201328542176,1,1
201328542715,1,0
201328543621,1,2
201328543824,1,19
201328543847,1,1
201328543847,1,2
201328544349,1,0
201328544672,1,0
201328717262,1,0
201328717340,1,0
201328717948,1,1
201328718498,1,4
201328718969,1,0
201328719139,1,0
201328719159,1,0
201328719441,1,0
201328719561,1,2
201328719561,1,3
201328720063,1,0
201328720073,1,0
201328720092,1,0
201328720359,1,0
201328720393,1,0
201328720399,1,6
201328720500,1,0
201328720976,1,0
201328721084,1,0
201328721387,1,2
201328721966,1,2
201328721966,1,3
201328823124,1,0
201328823255,1,0
201328823473,1,7
201328823557,1,0
201328824166,1,0
201328824203,1,0
201328824298,1,2
201328824313,1,0
201328824361,1,0
201328824371,1,0
201328824459,1,0
201328824470,1,2
201328824537,1,2
201328824537,1,12
201328824555,1,4
201328824917,1,0
201328824917,2,0
201328824926,1,2
201328825071,1,0
201328825110,1,0
201328825210,1,12
201328825831,1,0
201328825905,1,0
201328825991,1,0
201328826077,1,0
201328826140,1,2
201328826140,2,2
201328826225,1,2
201328826646,1,0
201328827172,1,0
201328827447,1,2
201328827447,1,12
201328827802,1,0
201328827894,1,1
201328827894,1,2
201328827894,1,3
201328827904,1,2
201328827904,1,12
201328827904,2,2
201328827904,2,12
201328827991,1,0
201328828005,1,2
201328828005,1,3
201328828005,1,19
201328828079,1,2
201328828210,1,2
201328828210,1,3
201328828286,1,1
201328828286,1,2
201328828576,1,0
201328828705,1,0
201328828924,1,9
201328828938,1,12
201328828984,1,9
201328829209,1,0
201328829275,1,7
201328829423,1,0
201328829423,2,0
201328921728,1,2
201328921728,1,12
201328922050,1,8
201328922304,1,2
201328922434,1,0
201328922456,1,2
201328922519,1,0
201328922636,1,1
201328922742,1,1
201328922916,1,9
201328923129,1,4
201328923217,1,0
201328923370,1,1
201328923370,1,2
201328923565,1,0
201328923565,2,0
201328923759,1,9
201328923889,1,2
201328923975,1,3
201328923975,1,7
201328924055,1,9
201328924064,1,9
201328924071,1,0
201328924239,1,2
201328924257,1,9
201328924257,1,10
201328924544,1,0
201328924865,1,0
201328924926,1,2
201328924958,1,0
201328924958,2,0
201328925228,1,0
201328925365,1,10
201328925510,1,0
201328925533,1,9
201328925596,1,0
201328925627,1,3
201328925627,1,7
201328925672,1,0
201328925672,2,0
201328925730,1,7
201328925782,1,0
201328925803,1,9
201328926176,1,0
201328926178,1,0
201328926193,1,0
201328926195,1,0
201328926252,1,0
201328926266,1,0
201328926273,1,0
201328926278,1,0
201328926286,1,2
201328926503,1,9
201328926528,1,4
201328926551,1,2
201328926749,1,1
201328926796,1,0
201328926796,2,0
201328926950,1,2
201328926950,1,3
201328927038,1,9
201328927333,1,1
201328927333,1,2
201328927508,1,9
201328927568,1,12
201328927604,1,2
201328927604,1,12
201328928023,1,1
201328928229,1,0
201328928378,1,0
201328928515,1,2
201329045134,1,0
201329045368,1,1
201329045397,1,1
201329045606,1,0
201329047907,1,1
201329049290,1,0
201329049498,1,0
201329050098,1,12
201329050510,1,0
201329050688,1,1
201329050688,1,2
201329050851,1,0
201329050851,2,0
201329051131,1,2
201329051132,1,2
201329051132,1,4
201329051503,1,1
201329051950,1,2
201329052176,1,0
201329052419,1,0
201329052504,1,2
201329052955,1,0
201329053325,1,2
201329053344,1,0
201329053407,1,0
201329053764,1,0
201329053790,1,7
201329053983,1,0
201329054069,1,2
201329054069,1,3
201329054590,1,8
201329055234,1,0
201329055283,1,1
201329055486,1,0
201329055894,1,0
201329056312,1,1
201329056312,1,2
201329056387,1,0
201329056462,1,19
201329056688,1,0
201329056697,1,2
201329056699,1,4
201329056865,1,0
201329057072,1,1
201329057072,1,2
201329057190,1,2
201329057190,1,19
201329057213,1,0
201329057363,1,1
201329057363,1,2
201329057905,1,0
201329058384,1,0
201329058585,1,0
201329431776,1,2
201329432034,1,1
201329432264,1,0
201329432576,1,1
201329432576,1,2
201329432965,1,0
201329433140,1,0
201329433436,1,0
201329433775,1,1
201329433775,1,2
201329434407,1,2
201329434581,1,0
201329434690,1,1
201329434690,2,1
201329435070,1,2
201329435070,1,3
201329435092,1,1
201329435092,1,2
201329435161,1,9
201329435293,1,4
201329435531,1,1
201329435554,1,1
201329435554,1,2
201329435554,1,3
201329435750,1,0
201329435839,1,2
201329435964,1,0
201329435965,1,1
201329435965,1,2
201329436044,1,2
201329436884,1,0
201329437142,1,0
201329437142,2,0
201329437274,1,1
201329437341,1,1
201329438075,1,2
201329438401,1,2
201329438401,1,12
201329438498,1,13
201329438498,1,14
201329438498,1,19
201329438506,1,2
201329438506,1,3
201329438564,1,0
201329439347,1,4
201329439629,1,2
201329439866,1,2
201329440537,1,1
201329440537,1,2
201329440625,1,0
201329440634,1,1
201329440634,1,2
201329440672,1,1
201329440841,1,6
201329441186,1,1
201329441205,1,1
201329441205,1,2
201329441205,2,1
201329536146,1,10
201329536153,1,0
201329536982,1,0
201329537537,1,0
201329537676,1,0
201329538174,1,9
201329539922,1,0
201329539923,1,1
201329539924,1,1
201329539924,1,2
201329539925,1,0
201329539926,1,0
201329540233,1,1
201329540470,1,0
201329540471,1,1
201329540548,1,0
201329540709,1,1
201329540709,1,2
201329540709,2,1
201329540709,2,2
201329540719,1,4
201329540764,1,0
201329541010,1,0
201329541499,1,0
201329541530,1,1
201329542037,1,2
201329542037,1,19
201329542168,1,0
201329542268,1,0
201329542328,1,1
201329542564,1,0
201329542729,1,0
201329543005,1,2
201329543326,1,9
201329543401,1,0
201329543465,1,0
201329543541,1,0
201329543694,1,0
201329544426,1,0
201329544442,1,0
201329544450,1,1
201329544450,1,2
201329544450,2,1
201329544450,2,2
201329544576,1,2
201329544576,1,3
201329544670,1,1
201329544670,1,2
201329544670,1,3
201329545020,1,0
201329545630,1,1
201329545630,1,2
201329545731,1,0
201329545835,1,0
201329545963,1,4
201329546032,1,0
201329546232,1,0
201329546421,1,1
201329546421,1,12
201329546899,1,2
201329548840,1,0
201329550919,1,0
201329551536,1,0
201329552189,1,0
201329622824,1,0
201329622912,1,2
201329622946,1,0
201329622956,1,0
201329622965,1,0
201329622972,1,3
201329622974,1,0
201329623153,1,2
201329623153,1,9
201329623175,1,0
201329623216,1,0
201329623229,1,0
201329623385,1,13
201329623405,1,0
201329623422,1,0
201329623576,1,0
201329623606,1,0
201329623631,1,0
201329623695,1,0
201329623866,1,1
201329623866,1,3
201329623871,1,0
201329624079,1,2
201329624079,1,3
201329624104,1,0
201329624113,1,1
201329624113,1,12
201329624113,1,19
201329624122,1,0
201329624292,1,0
201329624324,1,0
201329624347,1,1
201329624364,1,1
201329624574,1,1
201329624622,1,0
201329624729,1,0
201329624827,1,0
201329624895,1,0
201329624895,2,0
201329624950,1,2
201329625043,1,9
201329625132,1,1
201329625132,1,12
201329625141,1,0
201329625178,1,2
201329625261,1,0
201329625300,1,0
201329625314,1,16
201329625482,1,19
201329625485,1,0
201329625559,1,7
201329625566,1,0
201329625577,1,0
201329625727,1,2
201329625727,1,17
201329625828,1,0
201329625842,1,0
201329626049,1,18
201329626062,1,21
201329626157,1,0
201329626282,1,0
201329626298,1,2
201329626460,1,1
201329626477,1,0
201329626480,1,1
201329626480,1,2
201329626527,1,0
201329626571,1,0
201329626585,1,0
201329626712,1,2
201329626712,1,6
201329626802,1,9
201329626807,1,9
201329626819,1,3
201329626838,1,0
201329626906,1,2
201329626906,1,18
201329627029,1,0
201329627055,1,2
201329627055,1,3
201329627060,1,0
201329627061,1,10
201329627063,1,0
201329627073,1,0
201329627074,1,2
201329627074,1,3
201329627077,1,0
201329627122,1,0
201329627128,1,0
201329627137,1,21
201329627178,1,0
201329627328,1,0
201329627379,1,1
201329627379,1,2
201329627406,1,1
201329627426,1,0
201329627466,1,2
201329627466,1,3
201329627498,1,9
201329627571,1,0
201329627619,1,0
201329627629,1,0
201329627668,1,9
201329627672,1,0
201329627694,1,0
201329627721,1,0
201329627828,1,12
201329627934,1,16
201329627944,1,1
201329627954,1,0
201329627973,1,15
201329627976,1,0
201329627987,1,0
201329627991,1,0
201329627998,1,1
201329627998,1,2
201329628002,1,0
201329628008,1,1
201329628008,1,2
201329628010,1,0
201329628013,1,1
201329628013,1,2
201329628021,1,0
201329628077,1,2
201329628080,1,2
201329628080,1,14
201329628080,1,18
201329628116,1,0
201329628190,1,0
201329628196,1,8
201329628204,1,2
201329628204,1,9
201329628209,1,0
201329628296,1,0
201329628344,1,1
201329628435,1,0
201329628559,1,0
201329628567,1,7
201329628570,1,0
201329628573,1,0
201329628579,1,0
201329628591,1,0
201329628600,1,0
201329628609,1,0
201329628611,1,0
201329628620,1,0
201329628649,1,3
201329628811,1,2
201329628866,1,2
201329628866,1,3
201329628933,1,21
201329629015,1,0
201329629029,1,0
201329629041,1,0
201329629095,1,0
201329629169,1,0
201329629169,2,0
201329629169,3,0
201329629169,4,0
201329629171,1,0
201329629269,1,1
201329629269,1,2
201329629304,1,2
201329629313,1,0
201329629315,1,0
201329629317,1,0
201329629319,1,0
201329629343,1,0
201329629464,1,17
201329629504,1,9
201329629504,1,18
201329629510,1,0
201329629514,1,2
201329629561,1,0
201329629561,2,0
201329629563,1,0
201329629585,1,0
201329629623,1,0
201329629641,1,9
201329629649,1,0
201329629653,1,0
201329629687,1,0
201329629744,1,0
201329629914,1,0
201329630015,1,0
201329630056,1,0
201329630058,1,9
201329630078,1,0
201329630205,1,21
201329630420,1,0
201329630477,1,0
201329630477,2,0
201329630757,1,2
201329630757,1,12
201329630836,1,0
201329630889,1,3
201329630895,1,12
201329630897,1,0
201329630949,1,0
201329743471,1,0
201329743594,1,0
201329743741,1,0
201329743769,1,0
201329743771,1,0
201329743956,1,0
201329744038,1,0
201329744046,1,0
201329744101,1,12
201329744109,1,0
201329744115,1,0
201329744270,1,0
201329744334,1,2
201329744353,1,0
201329744376,1,1
201329744429,1,0
201329744429,2,0
201329744519,1,0
201329744519,2,0
201329744895,1,21
201329744981,1,1
201329744981,1,3
201329745007,1,0
201329745030,1,7
201329745168,1,0
201329745207,1,10
201329745294,1,4
201329745362,1,1
201329745362,1,2
201329745362,2,1
201329745362,2,2
201329746565,1,0
201329747709,1,1
201329747709,1,2
201329747730,1,1
201329747730,1,2
201329747971,1,1
201329748082,1,0
201329748155,1,2
201329748155,1,1
201329748210,1,7
201329748214,1,0
201329748305,1,2
201329748305,1,3
201329748305,1,9
201329748319,1,9
201329748321,1,9
201329748790,1,0
201329749292,1,1
201329749292,1,2
201329750135,1,0
201329750165,1,0
201329750199,1,0
201329750206,1,2
201329750206,1,3
201329750232,1,0
201329750244,1,10
201329750310,1,1
201329750310,1,2
201329750314,1,9
201329750329,1,2
201329750364,1,1
201329750473,1,0
201329750530,1,0
201329751227,1,7
201329751569,1,9
201329752021,1,0
201329752368,1,0
201329752686,1,9
201329752715,1,4
201329753165,1,1
201329753165,1,2
201329753165,1,19
201329753369,1,0
201329754884,1,0
201329755089,1,9
201329755146,1,0
201329755541,1,9
201329755546,1,0
201329755808,1,0
201329756321,1,0
201329756333,1,0
201329756350,1,0
201329756405,1,0
201329756412,1,1
201329756412,1,2
201329756430,1,0
201329756467,1,0
201329756467,2,0
201329756474,1,0
201329757110,1,0
201329757726,1,2
201329757726,1,3
201329757726,1,14
201329757942,1,21
201329758134,1,0
201329758139,1,12
201329758204,1,1
201329758204,1,2
201329758249,1,2
201329758249,1,3
201329758268,1,0
201329758382,1,0
201329758459,1,1
201329758459,1,19
201329758572,1,0
201329759051,1,0
201329759455,1,10
201329759528,1,10
201329759549,1,0
201329759953,1,0
201329760006,1,0
201329760033,1,0
201329760134,1,2
201329760134,1,3
201329760641,1,7
201339512983,1,0
201339512983,2,0
201339513093,1,0
201339513289,1,1
201339513323,1,0
201339513335,1,2
201339513467,1,0
201339513630,1,0
201339513770,1,0
201339513882,1,6
201339514002,1,7
201339514962,1,0
201339515003,1,0
201339515411,1,2
201339515411,1,3
201339515441,1,14
201339515537,1,19
201339515619,1,19
201339515716,1,0
201339515928,1,0
201339515953,1,0
201339516013,1,0
201339516015,1,0
201339516049,1,2
201339516374,1,0
201339516471,1,0
201339516512,1,0
201339516517,1,21
201339516536,1,0
201339516608,1,0
201339516695,1,0
201339516762,1,0
201339516853,1,0
201339516854,1,5
201339516996,1,0
201339517475,1,0
201339517525,1,0
201339517591,1,0
201339517591,2,0
201339517591,3,0
201339517748,1,2
201339519088,1,0
201350002443,1,0
201350002486,1,0
201350002504,1,19
201350002602,1,3
201350002602,1,12
201350002602,1,19
201350002670,1,12
201350002785,1,0
201350002976,1,21
201350003105,1,0
201350003173,1,0
201350003291,1,1
201350003297,1,0
201350003353,1,0
201350003355,1,1
201350003404,1,1
201350003405,1,0
201350003431,1,1
201350003451,1,0
201350003458,1,0
201350003465,1,7
201350003465,1,17
201350003465,1,18
201350003466,1,0
201350003467,1,1
201350003490,1,0
201350003497,1,1
201350003500,1,0
201350003502,1,0
201350003507,1,1
201350003532,1,19
201350003543,1,1
201350003631,1,0
201350003637,1,0
201350003695,1,0
201350003725,1,0
201350003729,1,0
201350003737,1,0
201350003806,1,0
201350003838,1,1
201350003860,1,2
201350003865,1,0
201350003866,1,1
201350003940,1,19
201350003956,1,2
201350003966,1,0
201350003967,1,0
201350003973,1,2
201350003984,1,0
201350004001,1,0
201350004058,1,18
201350004103,1,0
201350004121,1,0
201350004131,1,1
201350004174,1,9
201350004181,1,1
201350004224,1,4
201350004224,1,21
201350004311,1,21
201350004316,1,1
201350004317,1,1
201350004369,1,1
201350004389,1,2
201350004389,1,3
201350004399,1,0
201350004421,1,2
201350004432,1,1
201350004483,1,0
201350004589,1,12
201350004604,1,0
201350004634,1,1
201350004639,1,1
201350004649,1,0
201350004656,1,0
201350004656,2,0
201350004656,3,0
201350004656,4,0
201350004656,5,0
201350004715,1,0
201350004736,1,1
201350004737,1,2
201350004737,1,17
201350004772,1,0
201350004779,1,0
201350004784,1,2
201350004784,1,17
201350004789,1,0
201350004794,1,1
201350004870,1,2
201350004870,1,3
201350004914,1,2
201350004915,1,0
201350004929,1,1
201350004937,1,5
201350004954,1,2
201350004954,1,3
201350004993,1,0
201350005001,1,1
201350005001,1,19
201350005012,1,4
201350005063,1,9
201350005133,1,4
201350005146,1,2
201350005146,1,3
201350005174,1,0
201350005215,1,4
201350005241,1,0
201350005246,1,0
201350301552,1,6
201350301552,1,13
201350301552,1,19
201350301811,1,1
201350301811,1,2
201350301811,2,1
201350301811,2,2
201350302402,1,0
201350603349,1,0
201350603349,2,0
201350603560,1,0
201350603606,1,0
201350603606,2,0
201350603947,1,0
201350604330,1,0
201350604529,1,2
201350604529,1,9
201350604541,1,0
201350604604,1,15
201350604606,1,0
201350604666,1,10
201350604749,1,0
201350604773,1,17
201350604786,1,9
201350604792,1,1
201350604846,1,0
201350604966,1,9
201350605066,1,2
201350605304,1,0
201350605486,1,0
201350605535,1,0
201353200373,1,0
201354300382,1,0
201354300407,1,2
201354300587,1,2
201354300667,1,0
201354300792,1,0
201354300888,1,0
201354300916,1,0
201354300954,1,0
201354301188,1,2
201354301188,1,9
201354301190,1,0
201354301382,1,2
201368807186,1,1
201368807315,1,1
201368807654,1,0
201368807889,1,1
201368808250,1,9
201368808299,1,0
201368808803,1,0
201368808859,1,0
201368809215,1,2
201368810023,1,1
201368810121,1,1
201368810744,1,1
201368810744,1,2
201368810844,1,2
201368810844,1,12
201368812190,1,1
201368812231,1,1
201369502706,1,0
201369502837,1,2
201369502837,1,3
201369503484,1,0
201369503659,1,10
201369503813,1,2
201369503834,1,2
201369503923,1,1
201369503923,1,2
201369504106,1,12
201369504167,1,2
201369504233,1,1
201369504536,1,2
201369504585,1,1
201369504585,1,2
201369504638,1,6
201369504638,1,7
201369504638,1,18
201369504638,1,21
201369504786,1,1
201369504786,1,2
201369504957,1,0
201369505201,1,2
201369505618,1,0
201369505633,1,0
201369505839,1,2
201369505839,1,3
201369601787,1,2
201369601971,1,2
201369601971,1,3
201369602434,1,1
201369602434,1,2
201369602654,1,12
201369603026,1,4
201369603052,1,0
201369603354,1,1
201369603448,1,7
201369603506,1,0
201369603537,1,2
201369603674,1,0
201369603996,1,0
201369604065,1,6
201369604065,1,18
201369604365,1,18
201369604809,1,1
201369604809,1,2
201369604888,1,3
201369604888,2,3
201369604888,3,3
201369605006,1,2
201369605006,1,3
201369605006,1,18
201369605215,1,0
201369605293,1,12
201369605328,1,0
201369605440,1,0
201369605696,1,0
201369605845,1,0
201369605864,1,1
201369606614,1,0
201369606753,1,0
201369606938,1,0
201369607074,1,4
201371500343,1,1
201371803298,1,4
201371803618,1,1
201371803861,1,5
201371803896,1,2
201371803987,1,9
201371804248,1,1
201371804248,1,2
201371804248,2,1
201371804248,2,2
201371804319,1,2
201371804367,1,0
201371804733,1,1
201371804785,1,1
201371805112,1,2
201371805319,1,9
201371805633,1,2
201371805633,1,3
201371805647,1,4
201372711702,1,0
201372714535,1,3
201372714553,1,0
201372714571,1,9
201372714571,1,10
201372714709,1,2
201372714709,1,3
201372714856,1,0
201372714880,1,9
201372715143,1,0
201372715165,1,2
201372715165,1,7
201372715491,1,0
201372715682,1,2
201372715688,1,2
201372717775,1,4
201372717805,1,0
201372717845,1,2
201372717845,1,3
201372717845,1,9
201372718293,1,0
201372718293,2,0
201372718971,1,0
201372719782,1,0
201372806715,1,10
201372806792,1,0
201372806876,1,2
201372806980,1,0
201372807030,1,0
201372807040,1,2
201372807067,1,1
201372807116,1,9
201372807153,1,9
201372807171,1,0
201372807171,2,0
201372807197,1,2
201372807197,1,3
201372807209,1,0
201372807227,1,0
201372807257,1,2
201372807310,1,0
201372807370,1,0
201372807398,1,2
201372807398,1,3
201372807398,1,14
201372807411,1,0
201372807482,1,0
201372807595,1,0
201377100365,1,0
201377100444,1,0
201377100493,1,1
201377100493,1,2
201378013964,1,1
201378013964,1,2
201378015143,1,1
201378015143,1,2
201378016086,1,2
201378016723,1,1
201378017017,1,1
201378017017,1,2
201378017182,1,2
201378019026,1,0
201378019950,1,1
201378019950,1,2
201378020375,1,1
201378020375,1,2
201378020797,1,1
201378020877,1,4
201378020986,1,0
201378021262,1,19
201378021995,1,1
201378021995,1,2
201378022298,1,1
201378022298,1,12
201378022466,1,21
201378022541,1,2
201378022716,1,21
201378023683,1,2
201378023746,1,0
201378024699,1,0
201378024845,1,0
201378024923,1,19
201378025055,1,0
201378025140,1,0
201378025976,1,1
201378025976,1,2
201378026079,1,2
201378026193,1,0
201378026948,1,0
201378027047,1,0
201378027180,1,0
201378027331,1,0
201378027661,1,1
201378028025,1,3
201378028104,1,0
201378028257,1,0
201378028607,1,0
201378029207,1,0
201378029614,1,0
201378029815,1,0
201378029983,1,6
201378029983,2,6
201378030359,1,0
201378030426,1,1
201378030426,1,2
201378030712,1,5
201382900358,1,0
201382900381,1,1
201382900384,1,1
201382900407,1,2
201382900476,1,0
201382900483,1,2
201382900483,1,3
201382900501,1,1
201382900592,1,0
201382900606,1,0
201382900691,1,1
201382900691,1,19
201382900704,1,1
201382900799,1,0
201382900851,1,0
201382900882,1,1
201382900967,1,0
201382900996,1,1
201382900996,1,19
201382901009,1,0
201382901030,1,1
201382901032,1,0
201382901159,1,1
201382901161,1,0
201382901167,1,19
201382901197,1,0
201382901205,1,0
201382901313,1,1
201395120607,1,0
201395120867,1,4
201395120867,1,19
201395121058,1,2
201395121058,1,12
201395121303,1,1
201395121566,1,2
201395121566,1,9
201395121907,1,0
201395121946,1,0
201395122046,1,2
201395122109,1,1
201395122109,1,2
201395122132,1,2
201395122401,1,0
201395122651,1,0
201395122665,1,0
201395122807,1,0
201395123322,1,2
201395123322,1,3
201395123495,1,0
201395123626,1,0
201395124222,1,1
201395124582,1,2
201395124582,1,12
201395124723,1,0
201395124766,1,2
201395124802,1,0
201395125029,1,0
201395125069,1,2
201395125247,1,2
201395125446,1,4
201395125446,1,9
201395125446,1,19
201395125498,1,0
201395125524,1,0
201395125963,1,2
201395126471,1,0
201395126673,1,0
201395127091,1,0
201395127185,1,2
201395127248,1,2
201395127534,1,1
201395127534,1,2
201395127795,1,1
201395128161,1,2
201395128204,1,0
201395128665,1,0
201395128947,1,0
201395129134,1,0
201395130238,1,0
201395130321,1,1
201395130321,1,2
201395130478,1,0
201395131111,1,2
201395131149,1,0
201395131645,1,2
201395132295,1,0
201395132616,1,0
201395132616,2,0
201395132965,1,2
201395133037,1,8
201395133096,1,9
201395134019,1,0
201395134261,1,4
201395134261,1,9
201395134290,1,0
201395134389,1,0
201395134741,1,0
201395134752,1,0
201395134760,1,0
201395134778,1,0
201395134810,1,1
201395134860,1,1
201395135609,1,1
201395136494,1,2
201395136494,1,6
201395137073,1,1
201395137714,1,0
201395137815,1,2
201395137851,1,2
201395138030,1,0
201395138810,1,0
201395139303,1,1
201395139303,1,6
201395139313,1,0
201395139322,1,2
201395139340,1,0
201395139716,1,0
201395142636,1,2
201395142857,1,9
201395142857,1,13
201395142873,1,0
201395143743,1,0
201395224051,1,0
201395224237,1,2
201395225042,1,2
201395225154,1,1
201395226417,1,12
201395226474,1,2
201395227673,1,0
201395228709,1,0
201395229212,1,0
201395229733,1,0
201395230353,1,0
201395230401,1,0
201395230617,1,21
201395230708,1,0
201395231134,1,0
201395231149,1,0
201395232724,1,0
201395232731,1,19
201395232746,1,1
201395232746,1,12
201395232936,1,0
201395233239,1,1
201395233280,1,2
201395233751,1,2
201395233809,1,0
201395234574,1,2
201395234667,1,2
201395234667,1,19
201395234732,1,0
201395235031,1,0
201395235270,1,0
201395235427,1,2
201395235427,1,9
201395235586,1,1
201395235821,1,0
201395235850,1,0
201395235874,1,1
201395236464,1,2
201395236724,1,1
201395237508,1,0
201395237668,1,0
201395237949,1,2
201395238907,1,0
201395238929,1,0
201395239370,1,0
201395239467,1,0
201395239630,1,0
201395239847,1,0
201395240136,1,2
201395240136,1,12
201395240640,1,0
201395241475,1,0
201395241717,1,0
201395242113,1,0
201395242315,1,2
201395242628,1,2
201395242907,1,0
201395243504,1,0
201395244402,1,0
201395244680,1,0
201395244680,2,0
201395244683,1,0
201395244692,1,0
201395245056,1,0
201395245267,1,0
201395245562,1,0
201395245685,1,0
201395245936,1,2
201395246094,1,0
201395246151,1,1
201395246151,1,12
201395246161,1,0
201395246485,1,21
201395246880,1,9
201395246880,1,14
201395246880,1,17
201395247164,1,2
201395247295,1,21
201395247705,1,0
201395247716,1,0
201395247743,1,0
201395247936,1,21
201395248317,1,0
201395248342,1,1
201395249030,1,3
201395249030,1,19
201395249119,1,2
201395249119,1,9
201395249518,1,1
201395250638,1,0
201395250872,1,2
201395250872,1,17
201395251434,1,0
201395251434,2,0
201395251479,1,1
201395251561,1,0
201395251858,1,0
201395251860,1,0
201395251912,1,0
201395252291,1,7
201395252534,1,1
201395252683,1,0
201395253074,1,1
201395253101,1,21
201395253170,1,2
201395253170,1,3
201395255192,1,0
201395255365,1,0
201395255365,2,0
201395256095,1,1
201395256335,1,2
201395256693,1,2
201395257371,1,1
201395257682,1,2
201395259831,1,19
201395307806,1,1
201395307806,1,2
201395307809,1,2
201395308026,1,0
201395308223,1,0
201395308255,1,0
201395308260,1,0
201395308345,1,0
201395308470,1,2
201395308487,1,19
201395308690,1,0
201395308704,1,9
201395308715,1,0
201395308733,1,1
201395308733,1,2
201395308745,1,4
201395308745,1,1
201395308759,1,0
201395308796,1,0
201395308797,1,0
201395308798,1,0
201395308814,1,0
201395308842,1,1
201395308855,1,0
201395308861,1,0
201395309004,1,2
201395309004,1,6
201395309004,1,19
201395309071,1,1
201395309092,1,0
201395309218,1,0
201395309276,1,0
201395309323,1,0
201395309336,1,6
201395309337,1,2
201395309677,1,2
201395309685,1,0
201395309691,1,2
201395309705,1,1
201395309705,1,19
201395309732,1,4
201395309745,1,2
201395309745,1,3
201395309807,1,0
201395310016,1,0
201395310046,1,0
201395310063,1,3
201395310063,2,3
201395310074,1,6
201395310087,1,0
201395310127,1,0
201395310133,1,0
201395310138,1,0
201395310160,1,0
201395310163,1,1
201395310163,1,19
201395310169,1,0
201395310215,1,0
201395310572,1,0
201395310621,1,0
201395310628,1,0
201395310658,1,7
201395310693,1,0
201395310697,1,2
201395310703,1,0
201395310881,1,0
201395310885,1,0
201395310889,1,0
201395310906,1,0
201395310918,1,1
201395310950,1,1
201395311067,1,0
201395311216,1,2
201395311363,1,17
201395311393,1,9
201395311426,1,0
201395311585,1,2
201395311656,1,12
201395311687,1,0
201395311692,1,4
201395311828,1,0
201395311831,1,19
201395311859,1,0
201395311951,1,2
201395312075,1,1
201395312156,1,0
201395312226,1,2
201395312241,1,2
201395312247,1,2
201395312329,1,0
201395312450,1,1
201395312462,1,1
201395312482,1,0
201395312485,1,9
201395312657,1,0
201395312659,1,17
201395312700,1,0
201395312714,1,0
201395312716,1,2
201395312734,1,9
201395312764,1,1
201395312764,2,0
201395312764,3,0
201395312890,1,10
201395312937,1,9
201395312958,1,4
201395312958,2,4
201395313009,1,1
201395313009,1,2
201395313038,1,4
201395313110,1,0
201395313110,2,0
201395313110,3,0
201395313121,1,9
201395313132,1,2
201395313132,1,19
201395313154,1,9
201395313173,1,1
201395313201,1,9
201395313205,1,2
201395313205,1,9
201395313210,1,2
201395313210,1,19
201395313216,1,2
201395313235,1,0
201395313243,1,21
201395313243,2,21
201395313310,1,0
201395313313,1,3
201395313421,1,0
201395313466,1,9
201395313468,1,1
201395313468,1,2
201395313479,1,0
201395313523,1,1
201395313694,1,0
201395313869,1,0
201395313903,1,0
201395313904,1,0
201395313964,1,0
201395314005,1,0
201395314180,1,0
201395314203,1,2
201395314278,1,1
201395314403,1,1
201395314493,1,2
201395314563,1,2
201395314690,1,21
201395314723,1,0
201395314736,1,9
201395314747,1,0
201395314823,1,0
201395314935,1,0
201395314935,2,0
201395314935,3,0
201395314958,1,0
201395314991,1,2
201395315008,1,1
201395315085,1,0
201395315086,1,0
201395315126,1,0
201395315161,1,1
201395315161,1,2
201395315179,1,0
201395315188,1,1
201395315211,1,0
201395315213,1,2
201395315215,1,2
201395315286,1,21
201395315290,1,0
201395315345,1,0
201395315402,1,0
201395315409,1,0
201395315426,1,0
201395315473,1,2
201395315473,1,9
201395315473,1,14
201395315473,2,2
201395315473,2,9
201395315473,2,14
201395315504,1,0
201395315508,1,0
201395315675,1,1
201395315675,1,2
201395315683,1,0
201395315709,1,9
201395315772,1,0
201395315825,1,21
201395315838,1,2
201395315858,1,17
201395316000,1,0
201395316180,1,0
201395316404,1,8
201395316496,1,14
201395316518,1,0
201395316714,1,12
201395316719,1,2
201395316719,1,9
201395316722,1,0
201395316734,1,1
201395316737,1,9
201395316737,2,9
201395316762,1,1
201395316762,1,2
201395316792,1,4
201395316825,1,0
201395316927,1,2
201395317058,1,1
201395317178,1,1
201395317217,1,0
201395317237,1,2
201395317237,1,19
201395317261,1,9
201395317456,1,2
201395317456,1,3
201395317542,1,0
201395317639,1,2
201395317639,1,17
201395317652,1,0
201395317699,1,9
201395317737,1,0
201395317753,1,0
201395317762,1,1
201395317762,1,2
201395317811,1,1
201395317962,1,2
201395318210,1,0
201395318214,1,0
201395318215,1,1
201395318232,1,19
201395318287,1,7
201395318287,1,10
201395318304,1,21
201395318433,1,1
201395318445,1,2
201395318447,1,0
201395318463,1,0
201395318469,1,0
201395318477,1,1
201395318482,1,0
201395318507,1,21
201395318536,1,0
201395318580,1,0
201395318617,1,1
201395318713,1,12
201395318720,1,1
201395318756,1,1
201395318756,1,2
201395318756,1,19
201395318761,1,3
201395318778,1,0
201395318781,1,0
201395318794,1,2
201395318794,1,3
201395318797,1,0
201395319076,1,0
201395319088,1,2
201395319088,1,3
201395319321,1,0
201395319322,1,2
201395319322,1,3
201395319322,1,19
201395319328,1,2
201395319328,1,19
201395319330,1,0
201395319338,1,0
201395319349,1,1
201395319349,1,2
201395319355,1,0
201395319406,1,21
201395319418,1,0
201395319604,1,0
201395319610,1,2
201395319711,1,2
201395319711,1,3
201395319740,1,0
201395319873,1,0
201395319950,1,1
201395319984,1,0
201395320168,1,1
201395320188,1,1
201395320292,1,4
201395320292,2,4
201395320350,1,0
201395320354,1,2
201395320357,1,0
201395320359,1,0
201395320387,1,0
201395320388,1,0
201395320415,1,2
201395320441,1,1
201395320447,1,2
201395320447,1,9
201395320464,1,1
201395320560,1,0
201395320564,1,0
201395320910,1,0
201395320930,1,2
201395320930,1,3
201395320939,1,1
201395320973,1,2
201395320973,1,3
201395320973,1,9
201395321187,1,4
201395321187,1,19
201395321346,1,19
201395413609,1,0
201395413777,1,0
201395413815,1,0
201395414245,1,0
201395415220,1,0
201395415406,1,2
201395415419,1,0
201395415585,1,10
201395415631,1,0
201395415646,1,0
201395415652,1,0
201395416048,1,21
201395416063,1,19
201395416140,1,12
201395416188,1,12
201395416326,1,12
201395416885,1,0
201395416943,1,2
201395416984,1,0
201395417172,1,0
201395417216,1,16
201395417320,1,0
201395417493,1,0
201395417827,1,1
201395417827,1,2
201395417827,1,3
201395417917,1,12
201395417975,1,9
201395418142,1,12
201395418516,1,9
201395418590,1,12
201395418641,1,19
201395418764,1,2
201395419358,1,0
201395419518,1,21
201395419598,1,2
201395419673,1,0
201395419718,1,0
201395419718,2,0
201395419805,1,9
201395420064,1,1
201395420096,1,2
201395420096,1,3
201395420341,1,0
201395420581,1,2
201395421056,1,9
201395421056,1,21
201395421086,1,1
201395421097,1,21
201395421132,1,0
201395421162,1,4
201395421339,1,9
201395421339,2,9
201395421437,1,1
201395421439,1,6
201395421439,1,1
201395421796,1,0
201395422057,1,9
201395422189,1,0
201395422225,1,21
201395422309,1,0
201395422346,1,0
201395422369,1,0
201395422371,1,1
201395422464,1,0
201395422475,1,2
201395422572,1,3
201395422615,1,1
201395422615,1,12
201395422767,1,0
201395422906,1,0
201395423349,1,12
201395423398,1,21
201395423549,1,0
201395423628,1,0
201395423726,1,0
201395423946,1,0
201395423969,1,0
201395424108,1,0
201395424492,1,1
201395424532,1,2
201395424532,1,19
201395424803,1,2
201395424803,1,3
201395424836,1,1
201395424886,1,9
201395424904,1,0
201395424960,1,0
201395424992,1,0
201395424992,2,0
201395425216,1,0
201395425216,2,0
201395425239,1,2
201395425321,1,0
201395425754,1,0
201395425763,1,0
201395425763,2,0
201395425888,1,0
201395425931,1,0
201395426340,1,0
201395426455,1,2
201395426455,1,3
201395426515,1,0
201395426551,1,9
201395426576,1,9
201395426576,2,9
201395426738,1,0
201395426782,1,0
201395426873,1,0
201395427004,1,19
201395427020,1,4
201395427046,1,3
201395427122,1,13
201395427141,1,1
201395427457,1,21
201395427602,1,0
201395427674,1,0
201395427831,1,2
201395428195,1,9
201395428195,1,13
201395428217,1,7
201395428281,1,0
201395428301,1,0
201395428363,1,2
201395428816,1,1
201395428838,1,19
201395429049,1,0
201395429497,1,21
201395429567,1,0
201395429589,1,9
201395429600,1,0
201395429612,1,21
201395429956,1,0
201395430052,1,4
201395430062,1,0
201395430266,1,2
201395431240,1,0
201395431940,1,1
201395506448,1,0
201395506513,1,0
201395506514,1,0
201395506654,1,1
201395507039,1,2
201395507039,1,6
201395507141,1,21
201395507976,1,8
201395507980,1,0
201395508958,1,0
201395509159,1,0
201395509285,1,0
201395509587,1,0
201395509591,1,1
201395510213,1,0
201395510450,1,0
201395510813,1,2
201395510971,1,1
201395511019,1,2
201395511058,1,0
201395511482,1,1
201395511482,1,21
201395511484,1,0
201395511484,2,0
201395511927,1,21
201395512053,1,21
201395512230,1,0
201395512609,1,3
201395513275,1,0
201399501627,1,2
201399501691,1,0
201399501697,1,3
201399501697,1,12
201399501760,1,19
201399501787,1,21
201399501808,1,0
201399501839,1,1
201399501862,1,10
201399501920,1,0
201399501952,1,0
201399502028,1,0
201399502039,1,0
201399502086,1,0
201399502183,1,0
201399502209,1,0
201399502362,1,1
201399502362,1,2
201399502374,1,9
201399502389,1,2
201399502443,1,0
201399502747,1,14
201399502747,1,2
201399502747,1,3
201399502747,1,10
201399502856,1,0
201399502871,1,17
201399502892,1,0
201399502932,1,0
201399502982,1,0
201399502982,2,0
201399503008,1,0
201399503152,1,2
201399503315,1,0
201399503331,1,9
201399503374,1,2
201399503398,1,0
201399503432,1,1
201399503432,1,2
201399503450,1,0
201399503481,1,2
201399503491,1,12
201399503530,1,2
201399503644,1,0
201399503766,1,0
201399503783,1,0
201399503783,2,0
201399503783,3,0
201399503854,1,1
201399503854,1,2
201399503875,1,1
201399503967,1,0
201399503992,1,0
201399504013,1,0
201399504053,1,0
201399504073,1,0
201399504076,1,0
201399504076,2,0
201399504120,1,0
201399504153,1,1
201399504153,1,2
201399504176,1,1
201399504213,1,0
201399504221,1,1
201399504221,1,2
201399504246,1,1
201399504276,1,0
201399504279,1,2
201399504279,1,9
201399504321,1,0
201399504407,1,12
201399504584,1,0
201399504615,1,1
201399504655,1,0
201399504655,2,0
201399504679,1,0
201399504717,1,0
201399504732,1,0
201399504752,1,0
201399504812,1,2
201399504828,1,9
201399504852,1,0
201399504906,1,2
201399504906,1,3
201399504906,1,10
201399504922,1,0
201399504922,2,0
201399504960,1,0
201399504969,1,0
201399505007,1,0
201399505016,1,0
201399505082,1,13
201399505084,1,0
201399505093,1,19
201399505127,1,0
201399505130,1,1
201399505130,1,2
201399505130,1,12
201399505136,1,10
201399505140,1,2
201399505173,1,0
201399505192,1,4
201399505196,1,0
201399505223,1,0
201399505261,1,2
201399505261,1,3
201399505270,1,0
201399505472,1,9
201399505562,1,2
201399505568,1,0
201399505600,1,0
201399505659,1,0
201399505903,1,0
201399505918,1,4
201399506012,1,0
201399506087,1,1
201399506087,1,2
201399506111,1,1
201399506111,1,2
201399506126,1,0
201399506190,1,9
201399506219,1,0
